{
    "frmt": {
        "liaad/LVI_bert-base-portuguese-cased": {
            "accuracy": 0.6754688097971681,
            "precision": 0.6764252696456087,
            "recall": 0.6722817764165391,
            "f1": 0.674347158218126
        },
        "liaad/LVI_bert-large-portuguese-cased": {
            "accuracy": 0.7667432070417145,
            "precision": 0.7535493265380415,
            "recall": 0.7924961715160797,
            "f1": 0.7725321888412017
        },
        "liaad/LVI_albertina-100m-portuguese-ptpt-encoder": {
            "accuracy": 0.6092613853807883,
            "precision": 0.6714801444043321,
            "recall": 0.42725880551301687,
            "f1": 0.5222274216190922
        },
        "liaad/LVI_albertina-900m-portuguese-ptpt-encoder": {
            "accuracy": 0.5983543819364715,
            "precision": 0.6907063197026022,
            "recall": 0.3556661562021439,
            "f1": 0.46954763709881225
        }
    },
    "dsl": {
        "liaad/LVI_bert-base-portuguese-cased": {
            "accuracy": 0.7852975495915986,
            "precision": 0.9190871369294605,
            "recall": 0.7534013605442177,
            "f1": 0.8280373831775701
        },
        "liaad/LVI_bert-large-portuguese-cased": {
            "accuracy": 0.8109684947491248,
            "precision": 0.9346938775510204,
            "recall": 0.7789115646258503,
            "f1": 0.849721706864564
        },
        "liaad/LVI_albertina-100m-portuguese-ptpt-encoder": {
            "accuracy": 0.6721120186697783,
            "precision": 0.9007832898172323,
            "recall": 0.5867346938775511,
            "f1": 0.7106076210092688
        },
        "liaad/LVI_albertina-900m-portuguese-ptpt-encoder": {
            "accuracy": 0.6697782963827305,
            "precision": 0.9498525073746312,
            "recall": 0.5476190476190477,
            "f1": 0.6947141316073355
        }
    }
}